<keymap version="1" name="LN Visual Studio" parent="Visual Studio">
  <action id="ActivateDatabaseChangesToolWindow">
    <keyboard-shortcut first-keystroke="shift alt 9" />
  </action>
  <action id="ActivateDatabaseToolWindow">
    <keyboard-shortcut first-keystroke="alt 9" />
  </action>
  <action id="ActivateEventLogToolWindow">
    <keyboard-shortcut first-keystroke="alt 0" />
  </action>
  <action id="ActivateFindToolWindow">
    <keyboard-shortcut first-keystroke="alt 4" />
  </action>
  <action id="ActivateMessagesToolWindow" />
  <action id="ActivatePylintToolWindow">
    <keyboard-shortcut first-keystroke="shift alt 1" />
  </action>
  <action id="ActivatePythonConsoleToolWindow">
    <keyboard-shortcut first-keystroke="shift alt 2" />
  </action>
  <action id="ActivateRunToolWindow">
    <keyboard-shortcut first-keystroke="shift alt 5" />
  </action>
  <action id="ActivateSciViewToolWindow">
    <keyboard-shortcut first-keystroke="shift alt 3" />
  </action>
  <action id="ActivateStructureToolWindow">
    <keyboard-shortcut first-keystroke="alt 3" />
  </action>
  <action id="ActivateTerminalToolWindow">
    <keyboard-shortcut first-keystroke="f12" />
  </action>
  <action id="ActivateVersionControlToolWindow">
    <keyboard-shortcut first-keystroke="alt back_quote" />
  </action>
  <action id="Arrangement.Alias.Rule.Edit" />
  <action id="Arrangement.Rule.Edit" />
  <action id="ChangesView.Rename">
    <keyboard-shortcut first-keystroke="shift f6" />
  </action>
  <action id="ChangesView.SetDefault" />
  <action id="ChooseDebugConfiguration">
    <keyboard-shortcut first-keystroke="alt f5" />
  </action>
  <action id="ChooseRunConfiguration">
    <keyboard-shortcut first-keystroke="alt f6" />
  </action>
  <action id="CodeCompletion" />
  <action id="CollapseAllRegions">
    <keyboard-shortcut first-keystroke="shift ctrl subtract" />
    <keyboard-shortcut first-keystroke="shift ctrl minus" />
    <mouse-shortcut keystroke="shift control button4" />
  </action>
  <action id="CollapseRegion">
    <keyboard-shortcut first-keystroke="ctrl subtract" />
    <keyboard-shortcut first-keystroke="ctrl minus" />
    <mouse-shortcut keystroke="control button4" />
  </action>
  <action id="CommentByBlockComment">
    <keyboard-shortcut first-keystroke="shift ctrl back_slash" />
    <keyboard-shortcut first-keystroke="shift ctrl slash" />
    <keyboard-shortcut first-keystroke="shift alt z" />
  </action>
  <action id="CommentByLineComment">
    <keyboard-shortcut first-keystroke="ctrl slash" />
    <keyboard-shortcut first-keystroke="ctrl back_slash" />
    <keyboard-shortcut first-keystroke="alt z" />
  </action>
  <action id="CompileDirty" />
  <action id="Console.Oracle.DbmsOutput" />
  <action id="Console.TableResult.EditValue">
    <keyboard-shortcut first-keystroke="enter" />
    <keyboard-shortcut first-keystroke="alt enter" />
  </action>
  <action id="Console.TableResult.FindInGrid">
    <keyboard-shortcut first-keystroke="ctrl f" />
  </action>
  <action id="Console.TableResult.NavigateAction" />
  <action id="Console.TableResult.SelectRow" />
  <action id="Debug">
    <keyboard-shortcut first-keystroke="f5" />
  </action>
  <action id="EditSource">
    <mouse-shortcut keystroke="button2" />
  </action>
  <action id="EditorCreateRectangularSelectionOnMouseDrag">
    <mouse-shortcut keystroke="button2" />
  </action>
  <action id="EditorDuplicate" />
  <action id="EditorDuplicateLines">
    <keyboard-shortcut first-keystroke="ctrl d" />
  </action>
  <action id="EditorTextEnd">
    <keyboard-shortcut first-keystroke="ctrl end" />
    <mouse-shortcut keystroke="shift control button142" />
  </action>
  <action id="EditorTextStart">
    <keyboard-shortcut first-keystroke="ctrl home" />
    <mouse-shortcut keystroke="shift control button143" />
  </action>
  <action id="ExpandAllRegions">
    <keyboard-shortcut first-keystroke="shift ctrl add" />
    <keyboard-shortcut first-keystroke="shift ctrl equals" />
    <mouse-shortcut keystroke="shift control button5" />
  </action>
  <action id="ExpandRegion">
    <keyboard-shortcut first-keystroke="ctrl add" />
    <keyboard-shortcut first-keystroke="ctrl equals" />
    <mouse-shortcut keystroke="control button5" />
  </action>
  <action id="FileChooser.NewFile">
    <mouse-shortcut keystroke="shift control button3" />
  </action>
  <action id="Find">
    <keyboard-shortcut first-keystroke="ctrl f" />
  </action>
  <action id="FindNext" />
  <action id="FindUsages">
    <keyboard-shortcut first-keystroke="shift alt f7" />
    <mouse-shortcut keystroke="control button3" />
  </action>
  <action id="FindUsagesInFile">
    <keyboard-shortcut first-keystroke="shift ctrl f7" />
    <keyboard-shortcut first-keystroke="shift f12" />
    <mouse-shortcut keystroke="shift control button3" />
  </action>
  <action id="ForceRunToCursor" />
  <action id="ForceStepInto" />
  <action id="ForceStepOver" />
  <action id="Git.Reword.Commit">
    <keyboard-shortcut first-keystroke="shift f6" />
  </action>
  <action id="GotoDeclaration">
    <keyboard-shortcut first-keystroke="shift f2" />
    <mouse-shortcut keystroke="control button1" />
    <mouse-shortcut keystroke="button2" />
  </action>
  <action id="GotoLine">
    <keyboard-shortcut first-keystroke="ctrl g" />
    <keyboard-shortcut first-keystroke="alt g" />
    <keyboard-shortcut first-keystroke="alt w" />
  </action>
  <action id="GotoNextElementUnderCaretUsage" />
  <action id="GotoNextError" />
  <action id="Graph.ApplyCurrentLayout" />
  <action id="IdeScriptingConsole">
    <keyboard-shortcut first-keystroke="f3" />
  </action>
  <action id="Jdbc.OpenEditor.DDL">
    <keyboard-shortcut first-keystroke="shift f2" />
    <mouse-shortcut keystroke="control button1" />
    <mouse-shortcut keystroke="button2" />
  </action>
  <action id="Move" />
  <action id="NextDiff" />
  <action id="Pause">
    <mouse-shortcut keystroke="alt button3" />
    <keyboard-shortcut first-keystroke="f12" />
  </action>
  <action id="Profiler">
    <keyboard-shortcut first-keystroke="alt f" />
  </action>
  <action id="RenameElement">
    <keyboard-shortcut first-keystroke="shift f6" />
    <mouse-shortcut keystroke="shift control button1" />
  </action>
  <action id="RenameFile">
    <mouse-shortcut keystroke="shift control button1" />
  </action>
  <action id="Replace">
    <keyboard-shortcut first-keystroke="ctrl r" />
  </action>
  <action id="Resume">
    <mouse-shortcut keystroke="alt button3" />
    <keyboard-shortcut first-keystroke="f12" />
  </action>
  <action id="Run">
    <keyboard-shortcut first-keystroke="f6" />
  </action>
  <action id="RunToCursor">
    <mouse-shortcut keystroke="alt button1" />
  </action>
  <action id="ShelvedChanges.Rename">
    <keyboard-shortcut first-keystroke="shift f6" />
  </action>
  <action id="ShowBookmarks">
    <mouse-shortcut keystroke="control button2" />
  </action>
  <action id="ShowExecutionPoint">
    <keyboard-shortcut first-keystroke="f8" />
    <mouse-shortcut keystroke="alt button2" />
  </action>
  <action id="SmartStepInto">
    <mouse-shortcut keystroke="shift alt button142" />
    <keyboard-shortcut first-keystroke="f10" />
  </action>
  <action id="StepInto" />
  <action id="StepOut">
    <mouse-shortcut keystroke="shift alt button143" />
    <keyboard-shortcut first-keystroke="f11" />
  </action>
  <action id="StepOver">
    <mouse-shortcut keystroke="alt button142" />
    <keyboard-shortcut first-keystroke="f9" />
  </action>
  <action id="Stop">
    <keyboard-shortcut first-keystroke="alt s" />
  </action>
  <action id="StopBackgroundProcesses" />
  <action id="ToggleBookmark">
    <keyboard-shortcut first-keystroke="ctrl f2" />
    <mouse-shortcut keystroke="shift control button2" />
    <keyboard-shortcut first-keystroke="ctrl b" />
  </action>
  <action id="ToggleInlineHintsAction">
    <mouse-shortcut keystroke="alt button4" />
  </action>
  <action id="ToggleLineBreakpoint" />
  <action id="Vcs.EditSource" />
  <action id="Vcs.Log.GoToRef">
    <keyboard-shortcut first-keystroke="ctrl f" />
  </action>
  <action id="Vcs.QuickListPopupAction">
    <keyboard-shortcut first-keystroke="shift alt back_quote" />
  </action>
  <action id="ViewNavigationBar">
    <mouse-shortcut keystroke="shift button5" />
  </action>
  <action id="ViewStatusBar">
    <mouse-shortcut keystroke="shift button4" />
  </action>
  <action id="WebOpenInAction">
    <keyboard-shortcut first-keystroke="ctrl alt f2" />
  </action>
  <action id="XDebugger.AttachToProcess">
    <keyboard-shortcut first-keystroke="alt a" />
  </action>
  <action id="XDebugger.EditWatch" />
  <action id="XDebugger.Inline">
    <mouse-shortcut keystroke="alt button5" />
  </action>
  <action id="XDebugger.JumpToSource" />
  <action id="XDebugger.SetValue" />
  <action id="editRunConfigurations">
    <keyboard-shortcut first-keystroke="alt c" />
  </action>
  <action id="hg4idea.QFold" />
</keymap>