<application>
  <component name="MaterialThemeConfig">
    <option name="arrowsStyle" value="Darcula" />
    <option name="compactDropdowns" value="true" />
    <option name="compactSidebar" value="true" />
    <option name="highlightColorEnabled" value="true" />
    <option name="isCompactMenus" value="true" />
    <option name="isCompactStatusBar" value="true" />
    <option name="isCompactTables" value="true" />
    <option name="isWizardShown" value="true" />
    <option name="pristineConfig" value="false" />
    <option name="indicatorStyle" value="None" />
    <option name="customSidebarHeight" value="20" />
    <option name="highlightThickness" value="1" />
    <option name="indicatorThickness" value="5" />
    <option name="tabsHeight" value="16" />
    <option name="accentColor" value="ff8000" />
    <option name="highlightColor" value="ff8000" />
    <option name="selectedTheme" value="CUSTOM" />
    <option name="userId" value="-c27a81e:16c861f33e5:-8000" />
    <option name="version" value="4.10.0" />
    <option name="tabHighlightPosition" value="None" />
  </component>
</application>