<application>
  <component name="MaterialCustomThemeConfig">
    <option name="excludedColor" value="323232ff" />
    <option name="accentColor" value="ff8000ff" />
    <option name="notificationsColor" value="202020ff" />
    <option name="treeSelectionColor" value="3d3d3dc0" />
    <option name="highlightColor" value="404040ff" />
    <option name="secondBorderColor" value="0d0d0dff" />
    <option name="tableSelectedColor" value="525252ff" />
    <option name="contrastColor" value="1f1f1fff" />
    <option name="disabledColor" value="808080ff" />
    <option name="secondaryBackgroundColor" value="1f1f1fff" />
    <option name="buttonColor" value="1f1f1fff" />
    <option name="selectionForegroundColor" value="cfcfcfff" />
    <option name="selectionBackgroundColor" value="404040ff" />
    <option name="textColor" value="999999ff" />
    <option name="foregroundColor" value="ccccccff" />
    <option name="backgroundColor" value="0d0d0dff" />
  </component>
</application>