<application>
  <component name="ParameterNameHintsSettings">
    <blacklists>
      <blacklist language="TypeScript" />
      <blacklist language="Java" />
      <blacklist language="Angular HTML Template" />
      <blacklist language="JavaScript" />
      <blacklist language="Groovy" />
      <blacklist language="Kotlin" />
    </blacklists>
    <option id="js.param.hints.show.names.for.all.args" value="true" />
    <option id="js.only.show.names.for.all.args" value="true" />
    <disabledLanguages>
      <language id="Angular2Html" />
      <language id="SQL" />
    </disabledLanguages>
  </component>
</application>