<application>
  <component name="GitRememberedInputs">
    <option name="visitedUrls">
      <list>
        <UrlAndUserName>
          <option name="url" value="http://github.com" />
          <option name="userName" value="LongNguyenP" />
        </UrlAndUserName>
        <UrlAndUserName>
          <option name="url" value="https://github.com/design-to-fabrication/HelloThree.git" />
          <option name="userName" value="" />
        </UrlAndUserName>
      </list>
    </option>
    <option name="cloneParentDir" value="D:\Desktop" />
  </component>
</application>