<application>
  <component name="InlayHintsSettings">
    <option name="lastViewedProviderKeyId" value="parameter.hints.old" />
    <settingsMapElement>
      <JavaScript.js.type.hints>
        <Settings>
          <option name="showForFunctions" value="true" />
          <option name="showForShorthandFunctions" value="true" />
          <option name="showForVariablesAndFields" value="true" />
        </Settings>
      </JavaScript.js.type.hints>
      <TypeScript.ts.type.hints>
        <Settings>
          <option name="showForFunctions" value="true" />
          <option name="showForShorthandFunctions" value="true" />
          <option name="showForVariablesAndFields" value="true" />
        </Settings>
      </TypeScript.ts.type.hints>
    </settingsMapElement>
  </component>
</application>